observed_at	temp_c	humidity_pct	dewpoint_c	pressure_hPa	wind_speed_mps	wind_gust_mps	wind_dir_deg	uv_index	solar_radiation_wm2	rain_hourly_mm	rain_hourly_in	temp_f	dewpoint_f	wind_speed_mph	wind_gust_mph
2026-09-03 00:00	29.722	32.0	15.056	1005.893	0.0	0.0	201.0	0.0	0.0	0.0	0.0	85.5	59.1	0.0	0.0
2026-09-03 00:01	29.722	32.0	15.056	1005.995	0.0	0.0	201.0	0.0	0.0	0.0	0.0	85.5	59.1	0.0	0.0
2026-09-03 00:02	29.722	32.0	15.056	1005.893	0.0	0.0	201.0	0.0	0.0	0.0	0.0	85.5	59.1	0.0	0.0
2026-09-03 00:03	29.611	32.0	14.961	1005.893	0.0	0.0	201.0	0.0	0.0	0.0	0.0	85.3	58.93	0.0	0.0
2026-09-03 00:04	29.611	32.0	14.961	1005.792	0.0	0.0	201.0	0.0	0.0	0.0	0.0	85.3	58.93	0.0	0.0
2026-09-03 00:05	29.611	32.0	14.961	1005.893	0.0	0.0	201.0	0.0	0.0	0.0	0.0	85.3	58.93	0.0	0.0
2026-09-03 00:06	29.611	32.0	14.961	1005.893	0.0	0.0	201.0	0.0	0.0	0.0	0.0	85.3	58.93	0.0	0.0
2026-09-03 00:07	29.611	33.0	15.322	1005.792	0.0	0.0	201.0	0.0	0.0	0.0	0.0	85.3	59.58	0.0	0.0
2026-09-03 00:08	29.5	32.0	14.867	1006.096	0.0	0.0	201.0	0.0	0.0	0.0	0.0	85.1	58.76	0.0	0.0
2026-09-03 00:09	29.5	32.0	14.867	1005.995	0.0	0.0	201.0	0.0	0.0	0.0	0.0	85.1	58.76	0.0	0.0
2026-09-03 00:10	29.5	32.0	14.867	1005.893	0.0	0.0	201.0	0.0	0.0	0.0	0.0	85.1	58.76	0.0	0.0
2026-09-03 00:11	29.5	32.0	14.867	1005.995	0.0	0.0	201.0	0.0	0.0	0.0	0.0	85.1	58.76	0.0	0.0
2026-09-03 00:12	29.5	32.0	14.867	1005.893	0.0	0.0	201.0	0.0	0.0	0.0	0.0	85.1	58.76	0.0	0.0
2026-09-03 00:13	29.389	32.0	14.772	1005.893	0.0	0.0	201.0	0.0	0.0	0.0	0.0	84.9	58.59	0.0	0.0
2026-09-03 00:14	29.389	32.0	14.772	1005.893	0.0	0.0	201.0	0.0	0.0	0.0	0.0	84.9	58.59	0.0	0.0
2026-09-03 00:15	29.389	33.0	15.133	1005.995	0.0	0.0	201.0	0	0.0	0.0	0.0	84.9	59.24	0.0	0.0
